question,answer
How are you feeling today?,I am here to listen without judgment.
I feel sad.,I'm sorry you're feeling sad. Want to share more?
I feel anxious.,Let's slow down. What is making you anxious?
I feel scared.,Your feelings matter. Are you safe right now?
I feel lonely.,Loneliness can hurt. You don't have to face it alone.
I feel hopeless.,I'm sorry. Please tell someone you trust today.
I feel angry.,Anger is valid. Let's understand what triggered it.
I feel stressed.,Let's take one small step at a time.
I cannot sleep.,Try slow breathing and reduce stimulation before bed.
I keep crying.,Crying can release emotion. You are not weak.
I feel numb.,Feeling numb can happen during overwhelming situations.
Nobody understands me.,That sounds painful. I am listening to you.
I feel unsafe.,Your immediate safety is important. Seek trusted help.
I am overwhelmed.,Pause. Focus only on the next small action.
I cannot stop worrying.,Try naming what you can control today.
I feel worthless.,"You have value, even when your mind disagrees."
I blame myself.,What happened may not be your fault.
I feel ashamed.,Shame grows in silence. Consider trusted support.
I feel guilty.,"Guilt deserves examination, not automatic self-punishment."
I feel helpless.,You may have more options than you see now.
I feel trapped.,Let's think about one safe option available.
I miss my old life.,Loss can hurt deeply. Your feelings make sense.
I cannot concentrate.,Stress can affect concentration. Take short breaks.
I have nightmares.,Nightmares can follow distress. Ground yourself afterward.
I keep remembering it.,Intrusive memories can happen after traumatic events.
I feel disconnected.,Try noticing five things around you.
I feel exhausted.,Rest is important. Your body may need recovery.
I feel nervous around people.,That can follow difficult experiences. Go slowly.
I don't trust anyone.,Trust can take time to rebuild.
I feel constantly alert.,Your body may be responding to perceived danger.
I am shaking.,Try slow breaths and sit somewhere safe.
My heart is racing.,Slow your breathing. Seek medical help if severe.
I cannot calm down.,Let's try breathing in for four counts.
I feel panic.,You are experiencing intense fear. Focus on safety.
I feel pressure everywhere.,You don't need to solve everything immediately.
I hate myself.,I'm sorry you're hurting. You deserve compassion.
I feel broken.,"You are hurting, not necessarily broken."
I want to disappear.,Please contact someone trusted and stay near others.
I don't want to talk.,That's okay. You can share when ready.
I need someone.,Reaching out is a strong first step.
Can you listen?,Yes. Tell me what is on your mind.
Can I trust you?,"I will respond respectfully, but human support also matters."
Will you judge me?,No. I will listen without judging you.
Why do I feel this way?,Stress and trauma can affect thoughts and emotions.
Is my reaction normal?,Many reactions can follow distress. Your experience matters.
Am I weak?,No. Struggling does not make you weak.
Will I recover?,"Recovery is possible, often with time and support."
How do I calm down?,Slow breathing and grounding can help.
What is grounding?,Grounding helps bring attention back to the present.
How do I breathe slowly?,"Inhale gently, pause briefly, then exhale slowly."
What can I control?,"Focus on your actions, safety, and immediate choices."
How can I sleep better?,Create a quiet routine and avoid stimulating screens.
How do I stop overthinking?,"Notice thoughts, then redirect attention to something concrete."
How do I handle fear?,Acknowledge fear and focus on immediate safety.
How do I manage anger?,Pause before reacting and identify the trigger.
How do I manage sadness?,Allow feelings and connect with supportive people.
How do I manage stress?,Break large problems into smaller manageable steps.
How do I manage loneliness?,Reach out to one safe person or community.
How do I handle guilt?,Ask whether you truly caused the harm.
How do I rebuild confidence?,Start with small achievable actions and recognize progress.
How do I trust again?,Trust can rebuild gradually through safe experiences.
How do I stop blaming myself?,Consider responsibility carefully and challenge unfair self-blame.
How do I feel safe?,Move toward safe places and trusted people.
Who can I talk to?,"A trusted friend, counselor, family member, or helpline."
Should I see a therapist?,Professional support can help when distress feels persistent.
What does therapy do?,Therapy provides structured support for thoughts and emotions.
Can trauma affect memory?,"Yes, distress can affect memory and concentration."
Can stress cause headaches?,Stress can contribute to physical symptoms for some people.
Can anxiety affect breathing?,"Yes, anxiety can change breathing patterns."
Why am I always tired?,Stress and poor sleep can contribute to exhaustion.
Why do I feel numb?,Numbness can be a response to overwhelming emotions.
Why do I avoid people?,Avoidance can temporarily reduce distress but reinforce fear.
Why do memories return?,The brain may revisit distressing experiences after trauma.
Why am I easily startled?,Your nervous system may be staying highly alert.
Why can't I relax?,Stress can keep your body in a protective state.
Why do I feel angry?,"Anger can signal hurt, injustice, fear, or frustration."
Why do I feel ashamed?,"Shame may arise after blame, humiliation, or trauma."
Why do I feel guilty?,"Guilt can reflect values, responsibility, or unfair self-blame."
Why do I feel alone?,Disconnection can increase after stressful or traumatic experiences.
Why do I feel hopeless?,Severe stress can make the future seem closed off.
What is emotional distress?,It is significant emotional suffering affecting daily life.
What is trauma?,Trauma can result from deeply threatening or overwhelming events.
What is anxiety?,"Anxiety involves excessive fear, worry, or nervousness."
What is depression?,Depression can involve persistent low mood and reduced interest.
What is a panic attack?,It is a sudden surge of intense fear and symptoms.
What is self-care?,Self-care includes actions supporting physical and emotional wellbeing.
What is resilience?,Resilience is the ability to adapt after difficulties.
What is emotional support?,"It means receiving understanding, care, and encouragement."
What is active listening?,Listening attentively without interrupting or immediately judging.
What should I do now?,Start by ensuring safety and contacting trusted support.
I witnessed violence.,Witnessing violence can be distressing. Are you safe now?
I experienced abuse.,I'm sorry this happened. You deserve safety and support.
Someone threatened me.,Threats should be taken seriously. Move toward safety.
I was humiliated.,Humiliation can deeply hurt. Your dignity still matters.
I faced discrimination.,Discrimination can cause real harm. Your experience matters.
I was harassed.,I'm sorry. Consider documenting events and seeking support.
I was bullied.,Bullying is harmful. Tell someone safe who can help.
I feel targeted.,That sounds frightening. Focus on immediate safety and support.
I fear retaliation.,Avoid unnecessary risks and seek trusted professional guidance.
I was unfairly treated.,Unfair treatment can cause anger and distress.
I lost someone.,I'm sorry for your loss. Grief can be intense.
I lost my home.,That is a major loss. Focus on immediate safety.
I lost my job.,Job loss can feel frightening. Support and planning help.
I lost my community.,Disconnection after loss can be deeply painful.
I was displaced.,Displacement can be traumatic. Seek local support services.
I feel unsafe at home.,"If danger is immediate, move toward a safer place."
I fear going outside.,Fear can grow after trauma. Don't force unsafe exposure.
I fear my abuser.,Your safety comes first. Seek trusted local assistance.
I cannot report them.,Reporting may feel unsafe. Consider confidential support options.
I don't know whom to trust.,Start with professionals or carefully chosen safe people.
They won't believe me.,Being disbelieved is painful. Your experience still matters.
I have no proof.,Lack of proof does not erase your experience.
I feel embarrassed asking help.,Asking for help is not something to shame.
I feel ashamed to tell anyone.,You can share only what feels safe.
I keep replaying events.,Your mind may be processing what happened.
I avoid reminders.,"Avoidance is understandable, though support may gradually help."
I freeze when afraid.,Freezing is a common protective response.
I cannot speak about it.,You don't have to force yourself before ready.
I feel responsible for everything.,You may be carrying responsibility that isn't yours.
I keep apologizing.,You may have learned to protect yourself through appeasing.
I feel powerless.,Small choices can help rebuild a sense of control.
I don't recognize myself.,Major stress can change how you feel temporarily.
I feel emotionally empty.,Emotional exhaustion can make feelings seem distant.
I am afraid to sleep.,Create safety cues and seek support for persistent fear.
I fear the future.,Focus on the next safe and manageable step.
I fear being alone.,Stay near trusted people when possible.
I fear crowds.,Crowds may feel overwhelming. Choose safer quieter spaces.
I fear certain places.,Your brain may connect places with past danger.
I avoid conversations.,Avoidance can protect temporarily while increasing isolation.
I cannot eat.,Stress can affect appetite. Seek medical support if persistent.
I am eating too much.,Stress can influence eating patterns. Avoid harsh self-judgment.
I keep checking doors.,Feeling unsafe can increase checking behaviors.
I cannot stop crying.,Try staying with someone supportive and breathing slowly.
I feel like screaming.,Release tension safely through breathing or physical movement.
I want to run away.,First consider where you can safely go.
I need immediate help.,"If immediate danger exists, contact emergency services now."
I might hurt myself.,Please move away from means and contact emergency support.
I have suicidal thoughts.,Please seek immediate human support and emergency help.
I made a plan to die.,Contact emergency services or a trusted person immediately.
I have means to hurt myself.,Move away from them and seek immediate help.
I cannot stay safe.,Please contact emergency services or someone nearby now.
Someone may hurt me.,Move toward a safer public or trusted place.
I am being attacked.,Contact emergency services immediately if possible.
I am trapped with someone.,Prioritize immediate safety and contact emergency help.
I need an emergency number.,Tell me your country for appropriate emergency contacts.
Can you call someone?,"I cannot place calls, but I can guide you."
Should I stay alone?,"If you feel unsafe, stay near trusted people."
How can I ground myself?,Name five things you see around you.
Give me a grounding exercise.,"Notice five sights, four touches, three sounds."
Give me a breathing exercise.,Inhale four counts and exhale six counts.
Help me relax.,Relax your shoulders and lengthen your exhale.
Help me stop panicking.,Look around and name objects in the room.
Help me right now.,Stay with the present moment. Are you safe?
Stay with me.,I am here. Tell me what is happening.
Talk to me.,Of course. What are you experiencing right now?
Distract me.,"Try naming animals, countries, or objects around you."
Tell me something calming.,You only need to handle this moment.
Can feelings pass?,"Yes, intense feelings often rise and eventually change."
Will this anxiety end?,Anxiety can become more manageable with support and skills.
Can I heal from trauma?,"Healing is possible, though it may take time."
How long will healing take?,Healing varies widely; avoid comparing your timeline.
Why is healing difficult?,"Recovery can involve safety, memories, relationships, and time."
Can I recover alone?,"Support often helps, especially during severe distress."
Is therapy confidential?,"Confidentiality rules vary, so ask your specific provider."
What should I tell a therapist?,Share what feels important and safe to discuss.
What if I cry in therapy?,Crying is okay and therapists expect emotional reactions.
What if therapy feels scary?,Tell the therapist about your fear and go slowly.
Can therapy make things worse?,Difficult emotions can arise; discuss them with professionals.
How do I choose a therapist?,"Look for qualifications, safety, and a comfortable fit."
Can I change therapists?,"Yes, finding a suitable therapeutic fit is important."
What is a crisis plan?,"A crisis plan lists warning signs, support, and safety actions."
Help me make a crisis plan.,"Include contacts, safe places, and emergency options."
Who is a trusted person?,Someone who respects you and takes your safety seriously.
How do I ask for help?,Say clearly: I am struggling and need support.
I don't want to burden anyone.,People who care may want to know you're struggling.
What if they reject me?,"Rejection hurts, but another support source may help."
How do I set boundaries?,State what you accept and what you will not.
How do I say no?,Use a simple clear sentence without overexplaining.
I cannot say no.,Start with small boundaries in safer situations.
People pressure me.,You have the right to pause and seek safety.
I feel controlled.,Control can be harmful. Seek confidential trusted support.
I feel manipulated.,Trust your observations and discuss them with someone safe.
I feel constantly criticized.,Repeated criticism can damage confidence and wellbeing.
I am scared of authority.,Past experiences can make authority feel threatening.
I don't trust police.,Trust concerns are understandable; consider multiple support options.
I fear institutions.,You can ask trusted advocates about available services.
Can I document what happened?,"If safe, record dates, events, and relevant details."
Should I save messages?,"If safe and lawful, preserve relevant communications."
Should I confront them?,Avoid confrontation if it could increase danger.
Should I leave immediately?,"If danger is immediate, prioritize reaching safety."
Where can I go?,Choose a safe trusted person or public location.
What should I pack?,"Prioritize essentials, identification, medication, and contacts if safe."
I have nowhere safe.,Seek local emergency shelters or trusted services.
I am afraid to ask help.,Fear is understandable; one small message can start.
Can I text someone?,Yes. A short message can ask for support.
What should I text?,Write: I am not okay. Can you talk?
Can you write a help message?,Try: I feel unsafe and need support now.
How do I explain trauma?,Use only the details you feel safe sharing.
I don't remember everything.,Trauma memories can be incomplete or fragmented.
I remember too much.,Intrusive memories can feel overwhelming. Ground yourself.
I feel detached from reality.,Ground yourself and seek professional help if persistent.
Nothing feels real.,Focus on sensory details and contact trusted support.
I feel outside my body.,Ground through touch and seek professional guidance.
I cannot stop thinking.,"Try writing thoughts, then shift to a task."
My thoughts are racing.,Slow breathing and simple grounding may help.
I keep imagining danger.,Notice the thought without assuming it is happening.
I expect something bad.,Anxiety can make danger feel more certain.
I cannot make decisions.,Stress can overload thinking. Choose one small decision.
Everything feels pointless.,I'm sorry. Please connect with someone supportive today.
I have no motivation.,Start with a tiny task requiring minimal effort.
I cannot get out of bed.,"Try sitting up first, then one small action."
I neglect myself.,Basic needs matter. Start with water or food.
I stopped enjoying things.,Loss of enjoyment can signal significant distress.
I feel empty inside.,Emotional pain can feel like emptiness.
I don't care anymore.,That sounds concerning. Are you safe right now?
I feel like giving up.,Please tell someone trusted how intense this feels.
I need hope.,You don't need certainty; focus on the next step.
Tell me something hopeful.,Recovery can begin with one small safe connection.
What can I do today?,"Eat, hydrate, rest, and contact one supportive person."
Give me a small goal.,Drink water and take five slow breaths.
Give me another goal.,Step outside safely for a few minutes.
Help me make a routine.,"Start with sleep, meals, movement, and support."
How do I start healing?,Safety and supportive relationships are important starting points.
How do I process emotions?,Name the feeling and notice where you feel it.
Should I suppress emotions?,Suppressing feelings may help briefly but can prolong distress.
Should I cry?,"If you need to cry and are safe, it's okay."
How do I express anger safely?,"Write, exercise, or speak without threatening anyone."
How do I handle triggers?,Identify triggers and use grounding or supportive strategies.
What is a trigger?,A trigger is something that evokes intense distress.
Can triggers disappear?,Triggers can become less intense with time and support.
How do I avoid triggers?,"Prioritize safety, but avoid shrinking your entire life."
Can trauma cause anger?,"Yes, trauma can affect emotional regulation and anger."
Can trauma cause fear?,"Yes, fear responses may persist after danger ends."
Can trauma cause sadness?,"Yes, trauma can contribute to persistent sadness."
Can trauma affect relationships?,"Yes, trauma can affect trust, closeness, and communication."
Can stress affect my body?,"Yes, prolonged stress can affect many body systems."
Why does my body feel tense?,Stress can keep muscles prepared for perceived danger.
Why do I feel sick?,Strong stress can cause physical symptoms for some people.
Should I see a doctor?,Seek medical care for severe or persistent physical symptoms.
Can medication help?,A qualified clinician can discuss appropriate treatment options.
Should I take medication?,Discuss benefits and risks with a qualified clinician.
Can I heal without medication?,Some people benefit from therapy and support without medication.
What if I cannot afford therapy?,"Look for community clinics, nonprofits, or low-cost services."
Are support groups helpful?,Some people find peer support groups helpful and validating.
What if groups scare me?,Start with individual support or anonymous services.
Can journaling help?,Journaling can help organize thoughts and notice patterns.
What should I journal?,"Write feelings, triggers, needs, and supportive actions."
Can exercise help stress?,Gentle movement can reduce stress for many people.
Can music calm me?,Music can help regulate emotions for some people.
Can I meditate?,"Yes, if it feels safe; grounding may suit others."
Meditation makes me anxious.,Stop if distress increases and try external grounding.
What is self-compassion?,Treating yourself with kindness during difficulty.
How do I practice self-compassion?,Speak to yourself as kindly as a struggling friend.
I hate being vulnerable.,Vulnerability can feel dangerous after being hurt.
I fear crying publicly.,Plan a safe space and supportive person if possible.
I feel embarrassed easily.,Past criticism can make embarrassment feel intense.
I compare myself constantly.,Comparison can distort progress. Focus on your path.
Others have it worse.,Your suffering still deserves care and attention.
Do I deserve help?,Yes. You deserve support when you are suffering.
Do my feelings matter?,Yes. Your feelings contain important information about you.
Am I overreacting?,Intensity varies. Focus on impact rather than self-judgment.
Can you diagnose me?,I cannot diagnose; a qualified professional can assess you.
Do I have PTSD?,Only a qualified clinician can diagnose PTSD.
Do I have anxiety?,A professional can assess symptoms and possible anxiety.
Do I have depression?,A qualified clinician can evaluate persistent symptoms.
Should I take a mental health test?,"Screeners can help, but they do not diagnose."
Can you guarantee confidentiality?,Avoid sharing highly identifying information in chat.
Is this conversation private?,Review the platform privacy policy for specific details.
What information should I avoid sharing?,"Avoid passwords, exact addresses, and sensitive identification details."
I need legal advice.,A qualified local legal professional can provide advice.
Can you help report abuse?,I can help organize information and discuss safe options.
Can you contact authorities?,I cannot contact authorities on your behalf.
I am afraid of reporting.,Consider discussing safety risks with a trusted advocate.
What happens after reporting?,Procedures vary by location and type of report.
Can I bring someone with me?,Support persons may be allowed depending on local rules.
I feel unsupported by family.,Chosen supportive people can also provide meaningful support.
My family blames me.,Being blamed can intensify trauma. Seek validating support.
My friends avoid me.,Isolation hurts. Try reaching one person clearly.
Nobody answers my calls.,Try another trusted contact or local crisis resource.
I don't have friends.,Support can also come from professionals and communities.
I feel invisible.,I hear you. Your experience deserves attention.
I need someone to believe me.,I believe your feelings deserve serious attention.
I need reassurance.,You are handling a difficult moment right now.
Can we talk tomorrow?,You can return whenever you need general support.
Thank you.,You're welcome. Please be gentle with yourself today.
I feel better now.,I'm glad. Keep using what helped you.
I feel worse now.,I'm sorry. Consider contacting human support immediately.
What should I remember?,"Your safety matters, and support is available."
Give me one final tip.,"Focus on safety, one step, and connection."
I cannot trust my feelings.,"Feelings matter, but pause before making major decisions."
I feel tense all day.,Try regular pauses to relax your body.
I wake up frightened.,Ground yourself and remind yourself where you are.
I avoid looking at messages.,Open one message when you feel safe.
I feel watched.,"If immediate danger exists, seek a safer place."
I need a safe person.,"Choose someone respectful, reliable, and supportive."
How do I ask for space?,Say: I need some time alone right now.
I feel pressure to forgive.,Healing does not require immediate forgiveness.
I cannot forgive them.,You are not required to force forgiveness.
I want my confidence back.,Confidence can rebuild through small successful actions.
I survived something terrible.,Surviving was significant. Your reactions deserve care.
